<?xml version="1.0" encoding="ISO-8859-1"?>
<escuela xmlns:xsi="http://www.w3.org/2001/XMLSchema-instance" xsi:noNamespaceSchemaLocation= "escuelaSchema.xsd">
  <categoria>
    <nombre>querubín</nombre>
    <equipo>
      <nombre>A</nombre>
      <jugador>
        <nombre>Sergio</nombre>
        <fechaNacimiento>1996-10-31</fechaNacimiento>
        <dorsal>24</dorsal>
      </jugador>
      <jugador>
        <nombre>Julio</nombre>
        <fechaNacimiento>1998-10-09</fechaNacimiento>
        <dorsal>10</dorsal>
      </jugador>
      <jugador>
        <nombre>Pedrosa</nombre>
        <fechaNacimiento>1994-12-02</fechaNacimiento>
        <dorsal>26</dorsal>
      </jugador>
    </equipo>
    <equipo>
      <nombre>B</nombre>
      <jugador>
        <nombre>Stoner</nombre>
        <fechaNacimiento>1989-01-02</fechaNacimiento>
        <dorsal>27</dorsal>
      </jugador>
      <jugador>
        <nombre>Josep</nombre>
        <fechaNacimiento>2009-02-04</fechaNacimiento>
        <dorsal>69</dorsal>
      </jugador>
    </equipo>
  </categoria>
  <categoria>
    <nombre>prebenjamín</nombre>
    <equipo>
      <nombre>A</nombre>
      <jugador>
        <nombre>Regi</nombre>
        <fechaNacimiento>1423-01-15</fechaNacimiento>
        <dorsal>0</dorsal>
      </jugador>
      <jugador>
        <nombre>Pablo</nombre>
        <fechaNacimiento>2000-07-20</fechaNacimiento>
        <dorsal>1</dorsal>
      </jugador>
      <jugador>
        <nombre>Manolo</nombre>
        <fechaNacimiento>1979-03-24</fechaNacimiento>
        <dorsal>36</dorsal>
      </jugador>
    </equipo>
    <equipo>
      <nombre>B</nombre>
      <jugador>
        <nombre>Giuliano</nombre>
        <fechaNacimiento>1998-02-04</fechaNacimiento>
        <dorsal>34</dorsal>
      </jugador>
      <jugador>
        <nombre>Rea</nombre>
        <fechaNacimiento>1994-02-16</fechaNacimiento>
        <dorsal>65</dorsal>
      </jugador>
    </equipo>
  </categoria>
  <categoria>
    <nombre>benjamín</nombre>
    <equipo>
      <nombre>A</nombre>
      <jugador>
        <nombre>Sykes</nombre>
        <fechaNacimiento>1991-09-13</fechaNacimiento>
        <dorsal>66</dorsal>
      </jugador>
      <jugador>
        <nombre>Davies</nombre>
        <fechaNacimiento>1998-03-30</fechaNacimiento>
        <dorsal>7</dorsal>
      </jugador>
      <jugador>
        <nombre>Elias</nombre>
        <fechaNacimiento>1987-07-24</fechaNacimiento>
        <dorsal>24</dorsal>
      </jugador>
    </equipo>
    <equipo>
      <nombre>B</nombre>
      <jugador>
        <nombre>Camier</nombre>
        <fechaNacimiento>1965-04-15</fechaNacimiento>
        <dorsal>2</dorsal>
      </jugador>
      <jugador>
        <nombre>Torres</nombre>
        <fechaNacimiento>1986-05-18</fechaNacimiento>
        <dorsal>81</dorsal>
      </jugador>
    </equipo>
  </categoria>
  <categoria>
    <nombre>alevín</nombre>
    <equipo>
      <nombre>A</nombre>
      <jugador>
        <nombre>Laverty</nombre>
        <fechaNacimiento>1998-05-25</fechaNacimiento>
        <dorsal>50</dorsal>
      </jugador>
      <jugador>
        <nombre>Viñales</nombre>
        <fechaNacimiento>1987-03-12</fechaNacimiento>
        <dorsal>2</dorsal>
      </jugador>
      <jugador>
        <nombre>Espargaro</nombre>
        <fechaNacimiento>2018-01-18</fechaNacimiento>
        <dorsal>41</dorsal>
      </jugador>
    </equipo>
    <equipo>
      <nombre>B</nombre>
      <jugador>
        <nombre>Espargaro</nombre>
        <fechaNacimiento>1990-02-04</fechaNacimiento>
        <dorsal>44</dorsal>
      </jugador>
      <jugador>
        <nombre>Rabat</nombre>
        <fechaNacimiento>1988-02-16</fechaNacimiento>
        <dorsal>53</dorsal>
      </jugador>
    </equipo>
  </categoria>
</escuela>
